{
  "provenance_v": "1.0",
  "author": {
    "name": "William Kyle Million",
    "handle": "~K\u00b9",
    "organization": "IntuiTek\u00b9",
    "contact": "kyle@intuitek.ai"
  },
  "artifact": {
    "title": "REPLACE_WITH_TITLE",
    "type": "REPLACE_WITH_TYPE",
    "date_created": "2025-09-17T18:01:24+00:00",
    "canonical_url": "https://intuitek.ai/proof/REPLACE_SLUG"
  },
  "integrity": {
    "sha256_hex": "REPLACE_WITH_SHA256",
    "signature_file": "REPLACE_WITH_SIG_FILENAME"
  },
  "notes": "Extracted via conversational capture with Aegis.",
  "license": "CC-BY-4.0"
}