{
  "Phoenix": {
    "retention": {
      "local": "3-6m",
      "server": "1-2y"
    },
    "blocked_categories": [
      "self_harm",
      "suicide",
      "abuse",
      "minors",
      "vulnerable_adults",
      "legal_requests",
      "bugs_outages_maintenance"
    ],
    "user_controls": [
      "opt_out_per_feature",
      "quiet_hours",
      "data_clear_account_or_feature",
      "notification_prefs",
      "sensitivity_settings"
    ]
  },
  "Checkpoint": {
    "retention": {
      "local": "1-3m",
      "server": "6-12m"
    },
    "blocked_categories": [
      "self_harm",
      "suicide",
      "abuse",
      "minors",
      "vulnerable_adults",
      "legal_requests",
      "bugs_outages_maintenance"
    ],
    "user_controls": [
      "opt_out_per_service",
      "quiet_hours",
      "data_clear_feature",
      "notification_prefs"
    ]
  },
  "Soulmate": {
    "retention": {
      "local": "6-12m",
      "server": "1-2y"
    },
    "blocked_categories": [
      "self_harm",
      "suicide",
      "abuse",
      "minors",
      "vulnerable_adults",
      "legal_requests",
      "bugs_outages_maintenance"
    ],
    "user_controls": [
      "opt_out_all",
      "quiet_hours",
      "data_clear_account",
      "sensitivity_settings",
      "notification_prefs"
    ]
  }
}