{
  "$schema": "http://json-schema.org/draft-07/schema#",
  "title": "EthicalNudgingGovernance",
  "type": "object",
  "properties": {
    "module_name": {
      "type": "string",
      "description": "Phoenix | Checkpoint | Soulmate | Custom"
    },
    "retention": {
      "type": "object",
      "properties": {
        "local": {
          "type": "string",
          "description": "Range e.g., 3-6m or 90-180d"
        },
        "server": {
          "type": "string",
          "description": "Range e.g., 1-2y or 365-730d"
        }
      },
      "required": [
        "local",
        "server"
      ]
    },
    "blocked_categories": {
      "type": "array",
      "items": {
        "type": "string"
      }
    },
    "user_controls": {
      "type": "array",
      "items": {
        "type": "string"
      }
    },
    "notes": {
      "type": "string"
    }
  },
  "required": [
    "module_name",
    "retention",
    "blocked_categories",
    "user_controls"
  ]
}